edad,coeficiente,fuente
39,13.2782,Excel Calculo de Jubilacion Patronal y Jubilacion por Vejez.xlsx - hoja Coeficientes [C1]
40,12.9547,Excel Calculo de Jubilacion Patronal y Jubilacion por Vejez.xlsx - hoja Coeficientes [C1]
41,12.6232,Excel Calculo de Jubilacion Patronal y Jubilacion por Vejez.xlsx - hoja Coeficientes [C1]
42,12.2863,Excel Calculo de Jubilacion Patronal y Jubilacion por Vejez.xlsx - hoja Coeficientes [C1]
43,11.9424,Excel Calculo de Jubilacion Patronal y Jubilacion por Vejez.xlsx - hoja Coeficientes [C1]
44,11.5919,Excel Calculo de Jubilacion Patronal y Jubilacion por Vejez.xlsx - hoja Coeficientes [C1]
45,11.2374,Excel Calculo de Jubilacion Patronal y Jubilacion por Vejez.xlsx - hoja Coeficientes [C1]
46,10.8753,Excel Calculo de Jubilacion Patronal y Jubilacion por Vejez.xlsx - hoja Coeficientes [C1]
47,10.5084,Excel Calculo de Jubilacion Patronal y Jubilacion por Vejez.xlsx - hoja Coeficientes [C1]
48,10.1378,Excel Calculo de Jubilacion Patronal y Jubilacion por Vejez.xlsx - hoja Coeficientes [C1]
49,9.7658,Excel Calculo de Jubilacion Patronal y Jubilacion por Vejez.xlsx - hoja Coeficientes [C1]
50,9.393,Excel Calculo de Jubilacion Patronal y Jubilacion por Vejez.xlsx - hoja Coeficientes [C1]
51,9.0223,Excel Calculo de Jubilacion Patronal y Jubilacion por Vejez.xlsx - hoja Coeficientes [C1]
52,8.6544,Excel Calculo de Jubilacion Patronal y Jubilacion por Vejez.xlsx - hoja Coeficientes [C1]
53,8.2881,Excel Calculo de Jubilacion Patronal y Jubilacion por Vejez.xlsx - hoja Coeficientes [C1]
54,7.9218,Excel Calculo de Jubilacion Patronal y Jubilacion por Vejez.xlsx - hoja Coeficientes [C1]
55,7.5553,Excel Calculo de Jubilacion Patronal y Jubilacion por Vejez.xlsx - hoja Coeficientes [C1]
56,7.1884,Excel Calculo de Jubilacion Patronal y Jubilacion por Vejez.xlsx - hoja Coeficientes [C1]
57,6.8236,Excel Calculo de Jubilacion Patronal y Jubilacion por Vejez.xlsx - hoja Coeficientes [C1]
58,6.4622,Excel Calculo de Jubilacion Patronal y Jubilacion por Vejez.xlsx - hoja Coeficientes [C1]
59,6.111,Excel Calculo de Jubilacion Patronal y Jubilacion por Vejez.xlsx - hoja Coeficientes [C1]
60,5.7728,Excel Calculo de Jubilacion Patronal y Jubilacion por Vejez.xlsx - hoja Coeficientes [C1]
61,5.4525,Excel Calculo de Jubilacion Patronal y Jubilacion por Vejez.xlsx - hoja Coeficientes [C1]
62,5.1468,Excel Calculo de Jubilacion Patronal y Jubilacion por Vejez.xlsx - hoja Coeficientes [C1]
63,4.862,Excel Calculo de Jubilacion Patronal y Jubilacion por Vejez.xlsx - hoja Coeficientes [C1]
64,4.594,Excel Calculo de Jubilacion Patronal y Jubilacion por Vejez.xlsx - hoja Coeficientes [C1]
65,4.3412,Excel Calculo de Jubilacion Patronal y Jubilacion por Vejez.xlsx - hoja Coeficientes [C1]
66,4.0991,Excel Calculo de Jubilacion Patronal y Jubilacion por Vejez.xlsx - hoja Coeficientes [C1]
67,3.8731,Excel Calculo de Jubilacion Patronal y Jubilacion por Vejez.xlsx - hoja Coeficientes [C1]
68,3.6622,Excel Calculo de Jubilacion Patronal y Jubilacion por Vejez.xlsx - hoja Coeficientes [C1]
69,3.4663,Excel Calculo de Jubilacion Patronal y Jubilacion por Vejez.xlsx - hoja Coeficientes [C1]
70,3.2849,Excel Calculo de Jubilacion Patronal y Jubilacion por Vejez.xlsx - hoja Coeficientes [C1]
71,3.1195,Excel Calculo de Jubilacion Patronal y Jubilacion por Vejez.xlsx - hoja Coeficientes [C1]
72,2.9731,Excel Calculo de Jubilacion Patronal y Jubilacion por Vejez.xlsx - hoja Coeficientes [C1]
73,2.8502,Excel Calculo de Jubilacion Patronal y Jubilacion por Vejez.xlsx - hoja Coeficientes [C1]
74,2.7412,Excel Calculo de Jubilacion Patronal y Jubilacion por Vejez.xlsx - hoja Coeficientes [C1]
75,2.6455,Excel Calculo de Jubilacion Patronal y Jubilacion por Vejez.xlsx - hoja Coeficientes [C1]
76,2.5596,Excel Calculo de Jubilacion Patronal y Jubilacion por Vejez.xlsx - hoja Coeficientes [C1]
77,2.4819,Excel Calculo de Jubilacion Patronal y Jubilacion por Vejez.xlsx - hoja Coeficientes [C1]
78,2.4115,Excel Calculo de Jubilacion Patronal y Jubilacion por Vejez.xlsx - hoja Coeficientes [C1]
79,2.3418,Excel Calculo de Jubilacion Patronal y Jubilacion por Vejez.xlsx - hoja Coeficientes [C1]
80,2.2787,Excel Calculo de Jubilacion Patronal y Jubilacion por Vejez.xlsx - hoja Coeficientes [C1]
81,2.2139,Excel Calculo de Jubilacion Patronal y Jubilacion por Vejez.xlsx - hoja Coeficientes [C1]
82,2.1384,Excel Calculo de Jubilacion Patronal y Jubilacion por Vejez.xlsx - hoja Coeficientes [C1]
83,2.0704,Excel Calculo de Jubilacion Patronal y Jubilacion por Vejez.xlsx - hoja Coeficientes [C1]
84,1.9633,Excel Calculo de Jubilacion Patronal y Jubilacion por Vejez.xlsx - hoja Coeficientes [C1]
85,1.835,Excel Calculo de Jubilacion Patronal y Jubilacion por Vejez.xlsx - hoja Coeficientes [C1]
86,1.6842,Excel Calculo de Jubilacion Patronal y Jubilacion por Vejez.xlsx - hoja Coeficientes [C1]
87,1.4769,Excel Calculo de Jubilacion Patronal y Jubilacion por Vejez.xlsx - hoja Coeficientes [C1]
88,1.2141,Excel Calculo de Jubilacion Patronal y Jubilacion por Vejez.xlsx - hoja Coeficientes [C1]
89,0.9473,Excel Calculo de Jubilacion Patronal y Jubilacion por Vejez.xlsx - hoja Coeficientes [C1]
